"","Functional_groupFern","Functional_groupForb","Functional_groupLegume","Functional_groupWoody"
"Functional_groupFern",0.411408562073124,0.0944786655180313,0.0952331509265118,0.105726138853592
"Functional_groupForb",0.0944786655180313,0.122666817685065,0.112241445517481,0.114611127410593
"Functional_groupLegume",0.0952331509265118,0.112241445517481,0.207934201661516,0.128843692788499
"Functional_groupWoody",0.105726138853592,0.114611127410593,0.128843692788499,0.193479430749515
