"","HOST.%","HOST_GIVEN_POPULATION.%"
"1","0.200201","27.638375"
"2","0.000010","1.468025"
"3","45.308551","57.465726"
