"","post.mean","l-95% CI","u-95% CI","eff.samp","pMCMC"
"(Intercept)",1.84980928256074,0.518952422273287,3.23039537632758,1000,0.02
"Euphrasia_sp2Euphrasia micrantha",-0.934325760105538,-2.52925745755419,0.73697763607197,1000,0.168
"Euphrasia_sp2Euphrasia tetraquetra",-0.487270110989042,-2.52863453462487,2.02102258228842,999.999999999999,0.546
"Euphrasia_sp2Euphrasia vigursii",-0.229321312585889,-2.54868344269198,2.18108407956606,999.999999999999,0.734
