"","post.mean","l-95% CI","u-95% CI","eff.samp","pMCMC"
"(Intercept)",1.77986477709835,1.23253742913948,2.22039252674585,868.746217639984,0.001
"Euphrasia_sp2Euphrasia micrantha",-1.26041116572941,-1.73286702288806,-0.789308917752351,1000,0.001
"Euphrasia_sp2Euphrasia tetraquetra",-0.34639229841733,-0.779960383646539,0.0523514355506904,1658.03678718099,0.096
"Euphrasia_sp2Euphrasia vigursii",-0.189705483624089,-0.680696004325,0.325891032698564,1000,0.474
"PopulationA1766",0.121235776849987,-0.170263055482792,0.412936574561172,1000,0.428
"PopulationM1767",0.352406749257827,-0.24406399288273,0.860670342255617,999.999999999999,0.222
"PopulationM1768",0.820045847629079,0.512597653098055,1.09114835158107,1365.08360155475,0.001
