"","post.mean","l-95% CI","u-95% CI","eff.samp","pMCMC"
"(Intercept)",1.81014645454171,1.36759214932681,2.26794909263845,999.999999999999,0.001
"Euphrasia_sp2Euphrasia micrantha",-0.789518683473894,-1.17160815991519,-0.409069604531396,999.999999999999,0.001
"Euphrasia_sp2Euphrasia tetraquetra",-0.380951465483131,-0.817384581110673,0.0729956236900762,999.999999999999,0.106
"Euphrasia_sp2Euphrasia vigursii",-0.219802287587282,-0.728054336410423,0.288017674563889,1019.25875168635,0.396
