"","HOST.%","HOST_GIVEN_POPULATION.%"
"1","23.333391","0.098290"
"2","0.000569","0.000000"
"3","44.767607","21.270511"
